id,ap,an,iCr,iCm,iCs
1,com.passportsizephoto.passportphotomaker,Passport Size Photo Maker,0,1,0
2,com.wedding.weddinginvitation,Wedding Invitation Card Maker,1,0,0
3,com.weloveapps.latindating,"Latin Dating - Flirt, Meeting,",0,1,0
4,com.splento.food,Splento: Food Photography,0,1,0
5,fiori.transgender,Fiorry: Transgender Dating,1,0,0
6,com.devlobis.goodmorninglove,Good Morning My Love Gif,1,0,0
7,com.sweetringplus.android,"SweetRing - Meet, Match, Date",1,0,0
8,com.ram.birthdayphotoframes,Birthday Photo Frames,1,0,0
9,com.jazzyworlds.photopixel,Photo Pixel Shattering Effect,0,1,0
10,com.ram.lovephotoframes,Love Photo Frames,0,1,0
11,com.jazzyworlds.paintandsketcheffect,Photo Paint & Sketch Effect,0,1,0
12,com.km.photogridbuilder,Picture Grid Builder,1,0,0
13,com.aimdate.thaiflirting,ThaiFlirting - Thai Dating,0,1,0
14,com.etoolkit.photoeditor,FitPix - Photo Editor,1,0,0
15,love.photo.frame.editor,Romantic Love Photo Editor,0,1,0
16,com.bluestar.good.morning,Good Morning And Night Images,1,0,0
17,dating.hookup.apps,Casualx Hookup: Hook Up Dating,1,0,0
18,com.jazzyworlds.photoeffect3d,3D Photo Effect,1,0,0
19,kr.jungrammer.strangerchat3,Stranger with Chat (Random),0,1,0
20,com.etoolkit.fitpix.collage,FitPix - Collage Maker,1,0,0
21,com.yourtravelmates,Travel dating: YourTravelMates,0,0,0
22,com.km.picturequotes,Picture Quotes,1,0,0
23,com.catholicmatch.app,CatholicMatch Dating App,1,0,0
24,com.km.textoverphoto,Text Over Photo,1,0,0
25,com.appluvfree,LuvFree Dating App,0,0,0
26,com.slideshow.slideshow_videomaker,Music Video Maker: Slideshow,0,0,0
27,com.bluearts.lovemessages,I love you images animated,0,0,0
28,com.zepyur.binoculars,Binoculars Night Mode Zoom,0,1,0
29,com.veronica.happy.new_year.photoframes.stickers,Happy New Year Photo Frame,0,1,0
30,cpro.dating,America's Singles,0,1,0
31,biatoka.camerapose,Pose Camera photo pose ideas,1,0,0
32,cornero.bodyshapephotoeditor,Body Shape Photo Editor,0,1,0
33,com.hubaapps.chat,HubChat,1,0,0
34,com.stylish.sunglasses.pictureditor.photoeditor.artappstudio,Stylish Glasses Photo Editor,0,1,0
35,com.beautyfacemakeup.photoeditor.selfiemakeover,Beauty Face Makeup Editor,0,1,0
36,com.sumeruskydevelopers.iplcricketsuitphoto,Cricket Photo Suit,1,0,0
37,kr.jungrammer.talktalk,Talk Talk - Random Chatting,0,1,0
38,com.veronica.ramadan.mubarak.photoframes.stickers,Ramadan Photo Frame 2023,0,0,0
39,com.never.die,Stranger Chat,1,0,0
40,com.blackview.dashcam.vietmap,VIETMAP REC,1,0,0
41,com.migenteapp.migenteandroid,Mi Gente - Latino Dating,0,1,0
42,com.psma.mosaicphotoeffects,Mosaic Photo Effects,0,1,0
43,com.aiTeam.EffectArtName,Name Art: Effect Smoke NameArt,0,1,0
44,com.BestofallPhotography.DeleteRedEyesApp.RemoveRedEyesFromPhoto,Remove Red Eyes From Photo,1,0,0
45,com.catch.fwbhookupapp,"Hook up, Dating, Meetup, Catch",1,0,0
46,com.EasyPhotoEditorTechfazilka.easyphotoeditor,Easy Photo-Editor,0,1,0
47,com.socialnetworking.bbwmapp,Match BBW & Curvy Single :BBWM,0,1,0
48,com.Couple.Photo.Suit.Styles.Traditional.Photo_Editor.Frames,Couple Photo Suit Editor - Dre,1,0,0
49,kr.jungrammer.strangertalk,Stranger Talk (Random Chat),0,1,0
50,com.gomin.photo.cut.paste.background.editor,"Cut Edit: BG Remover,BG Eraser",1,0,0
51,com.mindhunter.tryst,Tryst - Match and Connect,1,0,0
52,best.edtphoto.policesuit_photoeditor,Police Suit Photo Editor,1,0,0
53,com.ftapps.fotos3x4,Photos for ID,1,0,0
54,com.davis.justdating,JD - JustDating,0,1,0
55,com.urdu.textonphotos.shairi.appsogen,Write Urdu On Photos - Shairi,1,0,0
56,com.gallery.photoviwer,Gallery,1,0,0
57,ru.mylove.dating,Знакомства.ру,1,0,0
58,com.appbites.menmotophotosuit,Men Moto Photo Suit,1,0,0
59,com.aimdate.russianflirting,RussianFlirting Russian Dating,0,1,0
60,com.livetalk.randomvideochat,Hum Chat - Random Call & Chat,1,0,0
61,com.aiTeam.MagicLightEffect,Photo Editor : Photo Effects,0,1,0
62,com.printeeapp.printee,Printee – Photo printing app,0,1,0
63,com.appbites.interiorphotoframes,Interior Photo Frames,1,0,0
64,com.pixelsdev.storymaker,Story Maker - Insta Story Art,1,0,0
65,com.fa.typegraphi,عکس نوشته ساز (فارسی)‎,1,0,0
66,datee.mobi,USA Dating,0,1,0
67,com.Christmas.Photo_Frames.Background.Editor,Garden Photo Frames,1,0,0
68,mnara.dittoed,dittoed,1,0,0
69,com.Flower.Photo.frames.HD_Photoframes.app,Love Flower Photo Frames,1,0,0
70,com.atsdev.framephotocollage,Frame Photo Collage,0,0,0
71,com.camjoy.live.app,CamJoy : Live video chatting,1,0,0
72,com.foreverbilisim.sevgilibul,Find Lover,0,1,0
73,com.newappxone.flowerphotoframes,Flower Photo Frames,1,0,0
74,co.lucky.hookup,Casual Hookup Dating - Kasual,0,1,0
75,com.covalent.kippo,Kippo - Come Hang Out,0,1,0
76,com.photoeditor.app.smileyface.sticker,Smiley Face Photo Editor,0,0,0
77,europeandating.europesingles.nearbymeet,EUdate - European dating for n,0,0,0
78,com.mvltrapps.longfrockphotosuit,Long frock photo suit,1,0,0
79,com.dating.apps.cupid,Free Dating Hook Up Messenger,1,0,0
80,apptrends.love_test_calculator_lovephotoframes,Love Calculator 2023,1,0,0
81,com.yovic.girlybanat,صور حالات بأسماء بنات  بدون نت‎,0,1,0
82,com.rometic.trulychinese,TrulyChinese - Dating App,1,0,0
83,com.bluefishapp.cutpaste,"Cut Out, Cut Photo Background",1,0,0
84,statusdp.flagtextletter.indianphoto.frame,Indian Flag Text Photo Frame,1,0,0
85,com.Happy.Christmas.Photo.Frames.Merry.Santa.Effect,Happy Christmas Photo Frames,1,0,0
86,au.com.meetmefreedatingapp.flirtdating,USA Cupid,1,0,0
87,com.mm.insects.identification,Insect identifier by Photo Cam,1,0,0
88,com.opusmobilis.adamdateseve,Adam Dates Eve - Dating App,0,1,0
89,com.name.birthday.cake.wishes,Name On Birthday Cake & Photo,1,0,0
90,com.inchallah.inchmobile,Inshallah muslims for Marriage,1,0,0
91,com.editor.covers.postermaker,Gallery - Photos & Videos,1,0,0
92,com.ZomieeInfotech.FightPhotoEditor,Fight Effect Photo Editor,1,0,0
93,com.eden_android,"Eden: Christian Dating,Matches",1,0,0
94,canadianmeet.dating.chatsingles.friends,Canada Dating - International,1,0,0
95,instadp.circele.profile.picture.border.maker,Profile Picture Border insta,1,0,0
96,com.oshiharapps.facemakeupbeauty.prettymakeup.makeupeditor,Makeup 365 - Makeup Editor,0,0,0
97,droidconsulting.haircolorchanger,Hair Color Changer,1,0,0
98,com.sigmaappsolution.marriagephotoframe,Marriage Photo Frame,1,0,0
99,com.mendone.eyebrow.editor,Eyebrow Editor,0,0,0
100,best.edtphoto.arabman_suitchanger,Arab Man Photo Suit,1,0,0
